-- SmartCV seed snapshot generated from TopCV recruiter/job data
-- Storage note:
--   The current SmartCV codebase stores users/candidates/recruiters/jobs in MongoDB collections.
--   This file is emitted as SQL text because the task explicitly requested seed SQL output.
-- Source note:
--   Recruiter/job source content was curated from browser-rendered TopCV pages because
--   direct headless HTTP crawling is blocked by Cloudflare in this environment.

INSERT INTO users (id, full_name, email, password, phone, created_at, updated_at, deleted_at, verified, deleted, locked, preferences, roles) VALUES
  ('user-candidate-001', 'Nguyen Minh An', 'candidate.an@smartcv.seed.local', '$2a$10$mGl6Qnn6RPj5sCcQojIFj.yvBtWF88/whqo57Hllz2XcbZUO1Rx5.', '0909001001', '2026-06-20 10:00:00', '2026-06-20 10:00:00', NULL, TRUE, FALSE, FALSE, '{}', '["CANDIDATE"]'),
  ('user-candidate-002', 'Tran Ha Vy', 'candidate.vy@smartcv.seed.local', '$2a$10$mGl6Qnn6RPj5sCcQojIFj.yvBtWF88/whqo57Hllz2XcbZUO1Rx5.', '0909001002', '2026-06-20 10:00:00', '2026-06-20 10:00:00', NULL, TRUE, FALSE, FALSE, '{}', '["CANDIDATE"]'),
  ('user-candidate-003', 'Le Duc Huy', 'candidate.huy@smartcv.seed.local', '$2a$10$mGl6Qnn6RPj5sCcQojIFj.yvBtWF88/whqo57Hllz2XcbZUO1Rx5.', '0909001003', '2026-06-20 10:00:00', '2026-06-20 10:00:00', NULL, TRUE, FALSE, FALSE, '{}', '["CANDIDATE"]'),
  ('user-recruiter-001', 'Sapo Talent Acquisition', 'tuyendung@sapo.vn', '$2a$10$mGl6Qnn6RPj5sCcQojIFj.yvBtWF88/whqo57Hllz2XcbZUO1Rx5.', '0765588715', '2026-06-20 10:00:00', '2026-06-20 10:00:00', NULL, TRUE, FALSE, FALSE, '{}', '["RECRUITER"]'),
  ('user-recruiter-002', 'VNPAY Recruitment', 'recruitment@vnpay.vn', '$2a$10$mGl6Qnn6RPj5sCcQojIFj.yvBtWF88/whqo57Hllz2XcbZUO1Rx5.', '0901002003', '2026-06-20 10:00:00', '2026-06-20 10:00:00', NULL, TRUE, FALSE, FALSE, '{}', '["RECRUITER"]'),
  ('user-recruiter-003', 'Novaon Talent Team', 'talent@novaon.net', '$2a$10$mGl6Qnn6RPj5sCcQojIFj.yvBtWF88/whqo57Hllz2XcbZUO1Rx5.', '0901002004', '2026-06-20 10:00:00', '2026-06-20 10:00:00', NULL, TRUE, FALSE, FALSE, '{}', '["RECRUITER"]'),
  ('user-recruiter-004', 'iCheck Hiring Team', 'careers@icheck.com.vn', '$2a$10$mGl6Qnn6RPj5sCcQojIFj.yvBtWF88/whqo57Hllz2XcbZUO1Rx5.', '0901002005', '2026-06-20 10:00:00', '2026-06-20 10:00:00', NULL, TRUE, FALSE, FALSE, '{}', '["RECRUITER"]'),
  ('user-recruiter-005', 'PJSB HR Team', 'hr@pjsb.vn', '$2a$10$mGl6Qnn6RPj5sCcQojIFj.yvBtWF88/whqo57Hllz2XcbZUO1Rx5.', '0901002006', '2026-06-20 10:00:00', '2026-06-20 10:00:00', NULL, TRUE, FALSE, FALSE, '{}', '["RECRUITER"]');

INSERT INTO candidates (id, user_id, dob, gender, address, bio, title, avatar_url, skills, years_of_experience, job_type, preferred_location, expected_salary_min, expected_salary_max, portfolio_url, github_url, linkedin_url, cv_url, cvs, settings, job_suggestions, followed_company_ids, created_at, updated_at, deleted) VALUES
  ('candidate-001', 'user-candidate-001', '1998-04-12', 'MALE', 'Cầu Giấy, Hà Nội', 'Backend engineer quan tâm đến Java, Spring Boot và hệ thống phân tán.', 'Backend Java Developer', NULL, '["Java", "Spring Boot", "REST API", "MySQL", "Docker"]', 3, 'FULL_TIME', 'Hà Nội', 18000000, 25000000, NULL, 'https://github.com/minhan-seed', 'https://www.linkedin.com/in/minhan-seed/', NULL, '[]', '{"notifications": {}, "privacy": {}}', '[]', '[]', '2026-06-20 10:00:00', '2026-06-20 10:00:00', FALSE),
  ('candidate-002', 'user-candidate-002', '1999-09-05', 'FEMALE', 'Thủ Đức, Hồ Chí Minh', 'Business analyst định hướng sản phẩm số và thương mại điện tử.', 'Business Analyst', NULL, '["Business Analysis", "SQL", "Wireframe", "Agile", "Documentation"]', 2, 'FULL_TIME', 'Hồ Chí Minh', 16000000, 22000000, NULL, NULL, 'https://www.linkedin.com/in/havy-seed/', NULL, '[]', '{"notifications": {}, "privacy": {}}', '[]', '[]', '2026-06-20 10:00:00', '2026-06-20 10:00:00', FALSE),
  ('candidate-003', 'user-candidate-003', '2000-01-18', 'MALE', 'Thanh Xuân, Hà Nội', 'Ứng viên junior yêu thích sales công nghệ và phát triển khách hàng B2B.', 'Business Development Executive', NULL, '["B2B Sales", "Lead Generation", "Presentation", "CRM"]', 1, 'FULL_TIME', 'Hà Nội', 12000000, 18000000, NULL, NULL, 'https://www.linkedin.com/in/duchuy-seed/', NULL, '[]', '{"notifications": {}, "privacy": {}}', '[]', '[]', '2026-06-20 10:00:00', '2026-06-20 10:00:00', FALSE);

INSERT INTO recruiters (id, user_id, company_name, company_website, company_address, company_city, company_description, company_phone, company_size, company_type, founded_year, industry, benefits, rating, review_count, logo_url, cover_image_url, tax_code, business_license_url, linkedin_url, facebook_url, contact_name, contact_email, contact_phone, status, rejection_note, quota_job_post, quota_cv_views, created_at, updated_at, deleted, source_page) VALUES
  ('recruiter-sapo', 'user-recruiter-001', 'Công ty cổ phần Công nghệ Sapo', 'https://tuyendung.sapo.vn/', 'Tầng 6, Tòa Ladeco, 266 Đội Cấn, Quận Ba Đình, TP Hà Nội', 'Hà Nội', 'Sapo là nền tảng quản lý bán hàng hợp kênh được sử dụng rộng rãi tại Việt Nam. Doanh nghiệp được thành lập năm 2008, tập trung vào công nghệ bán lẻ, thương mại điện tử và các giải pháp số giúp nhà bán hàng tăng trưởng doanh thu.', '0765588715', '500-1000 nhân viên', 'PRODUCT_COMPANY', 2008, 'IT - Phần mềm', '["Thu nhập cạnh tranh theo năng lực", "Môi trường công nghệ tăng trưởng nhanh", "Đào tạo nội bộ và lộ trình thăng tiến rõ ràng"]', 4.7, 40, 'https://smartcv-bucket-411307360545-ap-southeast-2-an.s3.ap-southeast-2.amazonaws.com/avatars/sapo/sapo.jpg', NULL, '0103243195', NULL, 'https://www.linkedin.com/company/sapo-tech/', 'https://www.facebook.com/sapo.vn', 'Sapo Talent Acquisition', 'tuyendung@sapo.vn', '0765588715', 'APPROVED', NULL, 10, 50, '2026-06-20 10:00:00', '2026-06-20 10:00:00', FALSE, 'https://www.topcv.vn/brand/sapovn?id=11698'),
  ('recruiter-vnpay', 'user-recruiter-002', 'Công ty CP Giải pháp Thanh toán Việt Nam (VNPAY)', 'https://vnpay.vn/', 'Hà Nội, Việt Nam', 'Hà Nội', 'VNPAY thành lập tháng 03/2007, là doanh nghiệp hàng đầu về thanh toán điện tử tại Việt Nam. Công ty phát triển sản phẩm trong các lĩnh vực tài chính ngân hàng, công nghệ thông tin và viễn thông.', NULL, '2000+ nhân sự', 'FINTECH', 2007, 'Tài chính - Công nghệ thanh toán', '["Dự án quy mô lớn trong fintech", "Môi trường chuyên nghiệp, chú trọng sáng tạo", "Làm việc cùng hệ sinh thái ngân hàng và thanh toán số"]', 4.6, 18, 'https://smartcv-bucket-411307360545-ap-southeast-2-an.s3.ap-southeast-2.amazonaws.com/avatars/vnpay/vnpay.jpg', NULL, NULL, NULL, 'https://www.linkedin.com/company/vnpay/', 'https://www.facebook.com/VNPAYQR/', 'VNPAY Recruitment', 'recruitment@vnpay.vn', '0901002003', 'APPROVED', NULL, 10, 50, '2026-06-20 10:00:00', '2026-06-20 10:00:00', FALSE, 'https://www.topcv.vn/cong-ty/cong-ty-cp-giai-phap-thanh-toan-viet-nam-vnpay/200858.html'),
  ('recruiter-novaon', 'user-recruiter-003', 'Tập Đoàn Novaon', 'https://novaon.net', 'Hà Nội, Việt Nam', 'Hà Nội', 'Novaon được thành lập năm 2006, hoạt động trong ba mảng chính gồm tiếp thị số, công nghiệp và thương mại điện tử. Doanh nghiệp sở hữu hệ sinh thái sản phẩm công nghệ và phục vụ hàng chục nghìn khách hàng.', NULL, '1000+ nhân sự', 'TECH_GROUP', 2006, 'Digital Marketing / IT - Phần mềm', '["Hệ sinh thái công nghệ và marketing số lớn", "Nhiều cơ hội chuyển dự án và phát triển chuyên môn", "Môi trường tăng trưởng nhanh, hướng tới thị trường quốc tế"]', 4.5, 27, 'https://smartcv-bucket-411307360545-ap-southeast-2-an.s3.ap-southeast-2.amazonaws.com/avatars/novaon/novaon.png', NULL, NULL, NULL, 'https://www.linkedin.com/company/novaon-group/', 'https://www.facebook.com/NovaonGroup', 'Novaon Talent Team', 'talent@novaon.net', '0901002004', 'APPROVED', NULL, 10, 50, '2026-06-20 10:00:00', '2026-06-20 10:00:00', FALSE, 'https://www.topcv.vn/cong-ty/tap-doan-novaon/201092.html'),
  ('recruiter-icheck', 'user-recruiter-004', 'Công ty cổ phần iCheck', 'https://careers.icheck.com.vn/', 'Hà Nội, Việt Nam', 'Hà Nội', 'iCheck thành lập năm 2015, phát triển từ ứng dụng quét mã sang hệ sinh thái giải pháp số hóa sản phẩm, minh bạch thông tin và hỗ trợ chuyển đổi số cho doanh nghiệp.', NULL, '200-500 nhân sự', 'PRODUCT_COMPANY', 2015, 'IT - Phần mềm / Chuyển đổi số', '["Sản phẩm công nghệ có tác động thực tế đến doanh nghiệp và người tiêu dùng", "Môi trường làm việc dữ liệu và tăng trưởng", "Định hướng chuyển đổi số bài bản"]', 4.4, 6, 'https://smartcv-bucket-411307360545-ap-southeast-2-an.s3.ap-southeast-2.amazonaws.com/avatars/icheck/icheck.jpg', NULL, NULL, NULL, 'https://www.linkedin.com/company/icheck-corporation/', 'https://www.facebook.com/iCheckCorporation', 'iCheck Hiring Team', 'careers@icheck.com.vn', '0901002005', 'PENDING', NULL, 10, 10, '2026-06-20 10:00:00', '2026-06-20 10:00:00', FALSE, 'https://www.topcv.vn/cong-ty/cong-ty-co-phan-icheck/1319.html'),
  ('recruiter-pjsb', 'user-recruiter-005', 'CÔNG TY TNHH PJSB', 'https://www.topcv.vn/cong-ty/cong-ty-tnhh-pjsb/225311.html', 'Hà Nội, Việt Nam', 'Hà Nội', 'PJSB thành lập năm 2023, hoạt động trong lĩnh vực phân phối thực phẩm chức năng, mỹ phẩm và các sản phẩm chăm sóc sức khỏe, sắc đẹp.', NULL, '100-499 nhân viên', 'DISTRIBUTOR', 2023, 'Bán lẻ - Hàng tiêu dùng - FMCG', '["Môi trường phát triển thị trường nhanh", "Sản phẩm chăm sóc sức khỏe và làm đẹp chính hãng", "Định hướng mở rộng hệ thống phân phối toàn quốc"]', 4.1, 3, 'https://smartcv-bucket-411307360545-ap-southeast-2-an.s3.ap-southeast-2.amazonaws.com/avatars/pjsb/pjsb.jpg', NULL, NULL, NULL, NULL, NULL, 'PJSB HR Team', 'hr@pjsb.vn', '0901002006', 'PENDING', NULL, 10, 10, '2026-06-20 10:00:00', '2026-06-20 10:00:00', FALSE, 'https://www.topcv.vn/cong-ty/cong-ty-tnhh-pjsb/225311.html');

INSERT INTO jobs (id, recruiter_id, title, normalized_title, description, company, location, salary_min, salary_max, job_type, experience_level, skills, requirements, benefits, moderation_status, visibility_status, moderation_note, reviewed_by, reviewed_at, deadline, openings, qualified_threshold, reject_threshold, auto_reject_enabled, required_test, deleted, created_at, updated_at, source_page) VALUES
  ('job-001', 'recruiter-sapo', 'Chuyên Viên Tư Vấn Phần Mềm/Website [Toàn Quốc] - Lương Cơ Bản Upto 13 Triệu + Hoa Hồng 43% + Phụ Cấp, Open Fresher', 'Chuyên Viên Tư Vấn Phần Mềm/Website - Lương Cơ Bản Upto 13 Triệu + Hoa Hồng 43% + Phụ Cấp, Open Fresher', 'Tin tuyển dụng được seed từ snapshot TopCV cho vị trí ''Chuyên Viên Tư Vấn Phần Mềm/Website - Lương Cơ Bản Upto 13 Triệu + Hoa Hồng 43% + Phụ Cấp, Open Fresher''. Job này được gắn với recruiter ''Công ty cổ phần Công nghệ Sapo'' để phục vụ dữ liệu demo cho luồng recruiter/job của SmartCV.', 'Công ty cổ phần Công nghệ Sapo', 'Hà Nội', 12000000, 35000000, 'FULL_TIME', 'JUNIOR', '["Tư vấn giải pháp", "CRM", "SaaS", "Sales B2B", "Website"]', '["Có khả năng giao tiếp và tư vấn giải pháp phần mềm cho khách hàng doanh nghiệp", "Chủ động học nhanh về sản phẩm SaaS và website", "Ưu tiên ứng viên có định hướng kinh doanh công nghệ"]', '["Lương cứng và hoa hồng rõ ràng", "Đào tạo sản phẩm", "Cơ hội phát triển sales công nghệ"]', 'PUBLISHED', 'ACTIVE', NULL, 'admin-seed', '2026-06-20 10:00:00', '2026-08-31', 4, 70, 40, FALSE, NULL, FALSE, '2026-06-20 10:01:00', '2026-06-20 10:01:00', 'https://www.topcv.vn/brand/sapovn?id=11698'),
  ('job-002', 'recruiter-sapo', 'Fullstack Developer [Hà Nội] - Thu Nhập Cạnh Tranh, Từ 4 Năm Kinh Nghiệm', 'Fullstack Developer - Thu Nhập Cạnh Tranh, Từ 4 Năm Kinh Nghiệm', 'Tin tuyển dụng được seed từ snapshot TopCV cho vị trí ''Fullstack Developer - Thu Nhập Cạnh Tranh, Từ 4 Năm Kinh Nghiệm''. Job này được gắn với recruiter ''Công ty cổ phần Công nghệ Sapo'' để phục vụ dữ liệu demo cho luồng recruiter/job của SmartCV.', 'Công ty cổ phần Công nghệ Sapo', 'Hà Nội', NULL, NULL, 'FULL_TIME', 'SENIOR', '["JavaScript", "TypeScript", "Node.js", "React", "SQL"]', '["Có kinh nghiệm phát triển fullstack từ 4 năm trở lên", "Hiểu kiến trúc web hiện đại và tối ưu hiệu năng hệ thống", "Có kinh nghiệm phối hợp chặt chẽ với đội sản phẩm"]', '["Dự án sản phẩm lớn", "Thu nhập cạnh tranh", "Môi trường kỹ thuật hiện đại"]', 'PUBLISHED', 'ACTIVE', NULL, 'admin-seed', '2026-06-20 10:00:00', '2026-08-31', 2, 70, 40, FALSE, NULL, FALSE, '2026-06-20 10:02:00', '2026-06-20 10:02:00', 'https://www.topcv.vn/brand/sapovn?id=11698'),
  ('job-003', 'recruiter-sapo', 'Business Development Executive (B2B) - Thu Nhập Upto 40 Triệu, Phúc Lợi Hấp Dẫn', 'Business Development Executive (B2B) - Thu Nhập Upto 40 Triệu, Phúc Lợi Hấp Dẫn', 'Tin tuyển dụng được seed từ snapshot TopCV cho vị trí ''Business Development Executive (B2B) - Thu Nhập Upto 40 Triệu, Phúc Lợi Hấp Dẫn''. Job này được gắn với recruiter ''Công ty cổ phần Công nghệ Sapo'' để phục vụ dữ liệu demo cho luồng recruiter/job của SmartCV.', 'Công ty cổ phần Công nghệ Sapo', 'Hà Nội', 15000000, 40000000, 'FULL_TIME', 'JUNIOR', '["Business Development", "B2B Sales", "Pipeline", "Presentation"]', '["Có kinh nghiệm làm việc với khách hàng doanh nghiệp", "Biết xây dựng pipeline và theo dõi cơ hội kinh doanh", "Kỹ năng trình bày giải pháp tốt"]', '["Thu nhập lên tới 40 triệu", "Phúc lợi hấp dẫn", "Tăng trưởng theo hiệu quả kinh doanh"]', 'PUBLISHED', 'ACTIVE', NULL, 'admin-seed', '2026-06-20 10:00:00', '2026-08-31', 3, 70, 40, FALSE, NULL, FALSE, '2026-06-20 10:03:00', '2026-06-20 10:03:00', 'https://www.topcv.vn/brand/sapovn?id=11698'),
  ('job-004', 'recruiter-sapo', 'Nhân Viên Lái Xe Văn Phòng', 'Nhân Viên Lái Xe Văn Phòng', 'Tin tuyển dụng được seed từ snapshot TopCV cho vị trí ''Nhân Viên Lái Xe Văn Phòng''. Job này được gắn với recruiter ''Công ty cổ phần Công nghệ Sapo'' để phục vụ dữ liệu demo cho luồng recruiter/job của SmartCV.', 'Công ty cổ phần Công nghệ Sapo', 'Hà Nội', 12000000, 15000000, 'FULL_TIME', 'JUNIOR', '["Lái xe", "An toàn giao thông", "Hỗ trợ hành chính"]', '["Có bằng lái phù hợp và kinh nghiệm lái xe văn phòng", "Tác phong chuyên nghiệp và đúng giờ", "Hỗ trợ công việc vận hành khi cần"]', '["Mức lương ổn định", "Môi trường doanh nghiệp công nghệ", "Phúc lợi theo chính sách công ty"]', 'PUBLISHED', 'ACTIVE', NULL, 'admin-seed', '2026-06-20 10:00:00', '2026-08-31', 1, 70, 40, FALSE, NULL, FALSE, '2026-06-20 10:04:00', '2026-06-20 10:04:00', 'https://www.topcv.vn/brand/sapovn?id=11698'),
  ('job-005', 'recruiter-sapo', 'Business Development Executive (B2B/Sapo Enterprise) - Lương Cơ Bản Upto 21 Triệu + Hoa Hồng + Phụ Cấp', 'Business Development Executive (B2B/Sapo Enterprise) - Lương Cơ Bản Upto 21 Triệu + Hoa Hồng + Phụ Cấp', 'Tin tuyển dụng được seed từ snapshot TopCV cho vị trí ''Business Development Executive (B2B/Sapo Enterprise) - Lương Cơ Bản Upto 21 Triệu + Hoa Hồng + Phụ Cấp''. Job này được gắn với recruiter ''Công ty cổ phần Công nghệ Sapo'' để phục vụ dữ liệu demo cho luồng recruiter/job của SmartCV.', 'Công ty cổ phần Công nghệ Sapo', 'Hà Nội', 12000000, 40000000, 'FULL_TIME', 'MIDDLE', '["Enterprise Sales", "B2B", "Solution Selling", "Negotiation"]', '["Có khả năng bán giải pháp enterprise cho khách hàng doanh nghiệp lớn", "Kỹ năng đàm phán và theo đuổi hợp đồng tốt", "Chủ động quản lý cơ hội bán hàng dài hạn"]', '["Lương cứng cao", "Hoa hồng và phụ cấp", "Làm việc với phân khúc khách hàng lớn"]', 'PUBLISHED', 'ACTIVE', NULL, 'admin-seed', '2026-06-20 10:00:00', '2026-08-31', 2, 70, 40, FALSE, NULL, FALSE, '2026-06-20 10:05:00', '2026-06-20 10:05:00', 'https://www.topcv.vn/brand/sapovn?id=11698'),
  ('job-006', 'recruiter-vnpay', 'Business Analyst', 'Business Analyst', 'Tin tuyển dụng được seed từ snapshot TopCV cho vị trí ''Business Analyst''. Job này được gắn với recruiter ''Công ty CP Giải pháp Thanh toán Việt Nam (VNPAY)'' để phục vụ dữ liệu demo cho luồng recruiter/job của SmartCV.', 'Công ty CP Giải pháp Thanh toán Việt Nam (VNPAY)', 'Hà Nội', NULL, NULL, 'FULL_TIME', 'MIDDLE', '["Business Analysis", "UML", "SQL", "Fintech", "Agile"]', '["Từ 3 năm kinh nghiệm phân tích nghiệp vụ", "Có khả năng làm việc giữa business và engineering", "Ưu tiên hiểu biết sản phẩm tài chính hoặc thanh toán"]', '["Dự án fintech quy mô lớn", "Quy trình sản phẩm rõ ràng", "Cơ hội làm việc đa phòng ban"]', 'PUBLISHED', 'ACTIVE', NULL, 'admin-seed', '2026-06-20 10:00:00', '2026-08-31', 2, 70, 40, FALSE, NULL, FALSE, '2026-06-20 10:06:00', '2026-06-20 10:06:00', 'https://www.topcv.vn/tim-viec-lam-cong-nghe-thong-tin-cr257'),
  ('job-007', 'recruiter-vnpay', 'Kỹ Sư Java Backend', 'Kỹ Sư Java Backend', 'Tin tuyển dụng được seed từ snapshot TopCV cho vị trí ''Kỹ Sư Java Backend''. Job này được gắn với recruiter ''Công ty CP Giải pháp Thanh toán Việt Nam (VNPAY)'' để phục vụ dữ liệu demo cho luồng recruiter/job của SmartCV.', 'Công ty CP Giải pháp Thanh toán Việt Nam (VNPAY)', 'Hà Nội', NULL, NULL, 'FULL_TIME', 'MIDDLE', '["Java", "Spring Boot", "Microservices", "SQL", "REST API"]', '["Có tối thiểu 2 năm kinh nghiệm backend Java", "Hiểu microservices, API và hệ thống tích hợp", "Ưu tiên ứng viên từng làm dự án giao dịch lớn"]', '["Hệ thống transaction lớn", "Môi trường kỹ thuật mạnh", "Cơ hội phát triển backend chuyên sâu"]', 'PUBLISHED', 'ACTIVE', NULL, 'admin-seed', '2026-06-20 10:00:00', '2026-08-31', 3, 70, 40, FALSE, NULL, FALSE, '2026-06-20 10:07:00', '2026-06-20 10:07:00', 'https://www.topcv.vn/tim-viec-lam-cong-nghe-thong-tin-cr257'),
  ('job-008', 'recruiter-vnpay', 'Sales Manager ICT (B2B) - HCM', 'Sales Manager ICT (B2B) - HCM', 'Tin tuyển dụng được seed từ snapshot TopCV cho vị trí ''Sales Manager ICT (B2B) - HCM''. Job này được gắn với recruiter ''Công ty CP Giải pháp Thanh toán Việt Nam (VNPAY)'' để phục vụ dữ liệu demo cho luồng recruiter/job của SmartCV.', 'Công ty CP Giải pháp Thanh toán Việt Nam (VNPAY)', 'Hồ Chí Minh', NULL, NULL, 'FULL_TIME', 'MIDDLE', '["B2B Sales", "ICT", "Account Management", "Negotiation"]', '["Có kinh nghiệm dẫn dắt hoạt động sales B2B trong lĩnh vực ICT", "Kỹ năng quản lý tài khoản và phát triển doanh số tốt", "Chủ động làm việc với khách hàng doanh nghiệp"]', '["Mở rộng mạng lưới khách hàng doanh nghiệp", "Môi trường B2B năng động", "Cơ hội tăng trưởng theo doanh số"]', 'PUBLISHED', 'ACTIVE', NULL, 'admin-seed', '2026-06-20 10:00:00', '2026-08-31', 1, 70, 40, FALSE, NULL, FALSE, '2026-06-20 10:08:00', '2026-06-20 10:08:00', 'https://www.topcv.vn/tim-viec-lam-cong-nghe-thong-tin-cr257'),
  ('job-009', 'recruiter-vnpay', 'Senior QA Manager (AI & Enterprise Software) - Thu Nhập Upto 50 Triệu - Hà Nội', 'Senior QA Manager (AI & Enterprise Software) - Thu Nhập Upto 50 Triệu - Hà Nội', 'Tin tuyển dụng được seed từ snapshot TopCV cho vị trí ''Senior QA Manager (AI & Enterprise Software) - Thu Nhập Upto 50 Triệu - Hà Nội''. Job này được gắn với recruiter ''Công ty CP Giải pháp Thanh toán Việt Nam (VNPAY)'' để phục vụ dữ liệu demo cho luồng recruiter/job của SmartCV.', 'Công ty CP Giải pháp Thanh toán Việt Nam (VNPAY)', 'Hà Nội', 30000000, 50000000, 'FULL_TIME', 'SENIOR', '["QA Strategy", "AI Systems", "Test Management", "Automation", "Leadership"]', '["Có kinh nghiệm quản lý QA và kiểm thử hệ thống enterprise", "Hiểu chiến lược kiểm thử cho sản phẩm tích hợp AI", "Có khả năng dẫn dắt team và chuẩn hóa quy trình chất lượng"]', '["Mức thu nhập senior", "Vai trò quản lý chất lượng", "Làm việc với sản phẩm nhiều tích hợp"]', 'PUBLISHED', 'ACTIVE', NULL, 'admin-seed', '2026-06-20 10:00:00', '2026-08-31', 1, 70, 40, FALSE, NULL, FALSE, '2026-06-20 10:09:00', '2026-06-20 10:09:00', 'https://www.topcv.vn/tim-viec-lam-cong-nghe-thong-tin-cr257'),
  ('job-010', 'recruiter-vnpay', 'Nhân Viên Thiết Kế AI - Thu Nhập Upto 22 Triệu /Tháng, Từ 2 Năm Kinh Nghiệm + Gửi Kèm Sản Phẩm', 'Nhân Viên Thiết Kế AI - Thu Nhập Upto 22 Triệu /Tháng, Từ 2 Năm Kinh Nghiệm + Gửi Kèm Sản Phẩm', 'Tin tuyển dụng được seed từ snapshot TopCV cho vị trí ''Nhân Viên Thiết Kế AI - Thu Nhập Upto 22 Triệu /Tháng, Từ 2 Năm Kinh Nghiệm + Gửi Kèm Sản Phẩm''. Job này được gắn với recruiter ''Công ty CP Giải pháp Thanh toán Việt Nam (VNPAY)'' để phục vụ dữ liệu demo cho luồng recruiter/job của SmartCV.', 'Công ty CP Giải pháp Thanh toán Việt Nam (VNPAY)', 'Hà Nội', 12000000, 22000000, 'FULL_TIME', 'MIDDLE', '["AI Design", "Creative", "Prompting", "Visual Design"]', '["Có tư duy thiết kế và khả năng làm việc với công cụ AI", "Có portfolio hoặc sản phẩm kèm theo", "Chủ động phối hợp với team sản phẩm và marketing"]', '["Thu nhập cạnh tranh", "Cơ hội thử nghiệm công cụ AI", "Môi trường làm việc sáng tạo"]', 'PUBLISHED', 'ACTIVE', NULL, 'admin-seed', '2026-06-20 10:00:00', '2026-08-31', 1, 70, 40, FALSE, NULL, FALSE, '2026-06-20 10:10:00', '2026-06-20 10:10:00', 'https://www.topcv.vn/tim-viec-lam-cong-nghe-thong-tin-cr257'),
  ('job-011', 'recruiter-novaon', 'CAD/CAM Engineer / Kỹ Sư Lập Trình CNC - Hybrid Working', 'CAD/CAM Engineer / Kỹ Sư Lập Trình CNC - Hybrid Working', 'Tin tuyển dụng được seed từ snapshot TopCV cho vị trí ''CAD/CAM Engineer / Kỹ Sư Lập Trình CNC - Hybrid Working''. Job này được gắn với recruiter ''Tập Đoàn Novaon'' để phục vụ dữ liệu demo cho luồng recruiter/job của SmartCV.', 'Tập Đoàn Novaon', 'Hồ Chí Minh', NULL, NULL, 'FULL_TIME', 'JUNIOR', '["CAD/CAM", "CNC", "Engineering", "Technical Drawing"]', '["Hiểu quy trình CAD/CAM và lập trình máy CNC", "Có khả năng đọc bản vẽ kỹ thuật", "Sẵn sàng làm việc hybrid và phối hợp đa bộ phận"]', '["Mô hình hybrid", "Môi trường kỹ thuật ứng dụng", "Cơ hội phát triển kỹ năng chuyên môn"]', 'PUBLISHED', 'ACTIVE', NULL, 'admin-seed', '2026-06-20 10:00:00', '2026-08-31', 1, 70, 40, FALSE, NULL, FALSE, '2026-06-20 10:11:00', '2026-06-20 10:11:00', 'https://www.topcv.vn/tim-viec-lam-cong-nghe-thong-tin-cr257'),
  ('job-012', 'recruiter-novaon', 'Nhân Viên Thiết Kế Designer Mỹ Phẩm - Thu Nhập Hấp Dẫn - Đi Làm Ngay', 'Nhân Viên Thiết Kế Designer Mỹ Phẩm - Thu Nhập Hấp Dẫn - Đi Làm Ngay', 'Tin tuyển dụng được seed từ snapshot TopCV cho vị trí ''Nhân Viên Thiết Kế Designer Mỹ Phẩm - Thu Nhập Hấp Dẫn - Đi Làm Ngay''. Job này được gắn với recruiter ''Tập Đoàn Novaon'' để phục vụ dữ liệu demo cho luồng recruiter/job của SmartCV.', 'Tập Đoàn Novaon', 'Hà Nội', NULL, NULL, 'FULL_TIME', 'MIDDLE', '["Graphic Design", "Branding", "Adobe Suite", "Packaging"]', '["Có kinh nghiệm thiết kế ấn phẩm marketing hoặc thương hiệu", "Am hiểu thiết kế cho nhóm hàng mỹ phẩm là lợi thế", "Có khả năng lên ý tưởng và triển khai nhanh"]', '["Đi làm ngay", "Thu nhập hấp dẫn", "Môi trường sáng tạo"]', 'PUBLISHED', 'ACTIVE', NULL, 'admin-seed', '2026-06-20 10:00:00', '2026-08-31', 1, 70, 40, FALSE, NULL, FALSE, '2026-06-20 10:12:00', '2026-06-20 10:12:00', 'https://www.topcv.vn/tim-viec-lam-cong-nghe-thong-tin-cr257'),
  ('job-013', 'recruiter-novaon', 'Nhân Viên Lập Trình & Đứng Máy Phay CNC - Lương Up To 20 Triệu - Làm Tại Dĩ An, Bình Dương', 'Nhân Viên Lập Trình & Đứng Máy Phay CNC - Lương Up To 20 Triệu - Làm Tại Dĩ An, Bình Dương', 'Tin tuyển dụng được seed từ snapshot TopCV cho vị trí ''Nhân Viên Lập Trình & Đứng Máy Phay CNC - Lương Up To 20 Triệu - Làm Tại Dĩ An, Bình Dương''. Job này được gắn với recruiter ''Tập Đoàn Novaon'' để phục vụ dữ liệu demo cho luồng recruiter/job của SmartCV.', 'Tập Đoàn Novaon', 'Bình Dương', 10000000, 20000000, 'FULL_TIME', 'JUNIOR', '["CNC", "Machine Programming", "Mechanical", "Quality Control"]', '["Có kinh nghiệm vận hành hoặc lập trình máy phay CNC", "Hiểu kiểm soát chất lượng gia công", "Tác phong cẩn thận và kỷ luật trong sản xuất"]', '["Lương tới 20 triệu", "Môi trường sản xuất thực tế", "Ổn định lâu dài"]', 'PUBLISHED', 'ACTIVE', NULL, 'admin-seed', '2026-06-20 10:00:00', '2026-08-31', 2, 70, 40, FALSE, NULL, FALSE, '2026-06-20 10:13:00', '2026-06-20 10:13:00', 'https://www.topcv.vn/tim-viec-lam-cong-nghe-thong-tin-cr257'),
  ('job-014', 'recruiter-novaon', 'Nhân Viên Kinh Doanh, Tư Vấn Phần Mềm / Sale B2B - Tuyển Nữ (Nghỉ Thứ 7, Chủ Nhật, Thu Nhập 10 - 20M) Tại Hà Nội', 'Nhân Viên Kinh Doanh, Tư Vấn Phần Mềm / Sale B2B - Tuyển Nữ (Nghỉ Thứ 7, Chủ Nhật, Thu Nhập 10 - 20M) Tại Hà Nội', 'Tin tuyển dụng được seed từ snapshot TopCV cho vị trí ''Nhân Viên Kinh Doanh, Tư Vấn Phần Mềm / Sale B2B - Tuyển Nữ (Nghỉ Thứ 7, Chủ Nhật, Thu Nhập 10 - 20M) Tại Hà Nội''. Job này được gắn với recruiter ''Tập Đoàn Novaon'' để phục vụ dữ liệu demo cho luồng recruiter/job của SmartCV.', 'Tập Đoàn Novaon', 'Hà Nội', 10000000, 20000000, 'FULL_TIME', 'JUNIOR', '["Sales B2B", "Software Consulting", "Lead Generation", "Presentation"]', '["Có khả năng tư vấn giải pháp phần mềm cho khách hàng doanh nghiệp", "Ưu tiên ứng viên có kinh nghiệm sale B2B hoặc telesales", "Có tinh thần bám đuổi doanh số"]', '["Nghỉ thứ 7 và chủ nhật", "Thu nhập 10-20 triệu", "Đào tạo bài bản"]', 'PUBLISHED', 'ACTIVE', NULL, 'admin-seed', '2026-06-20 10:00:00', '2026-08-31', 2, 70, 40, FALSE, NULL, FALSE, '2026-06-20 10:14:00', '2026-06-20 10:14:00', 'https://www.topcv.vn/tim-viec-lam-cong-nghe-thong-tin-cr257'),
  ('job-015', 'recruiter-novaon', 'Business Development Executive (B2B/Sapo Enterprise) - Lương Cứng Thỏa Thuận, Thu Nhập Upto 40 Triệu, Open Fresher', 'Business Development Executive (B2B/Sapo Enterprise) - Lương Cứng Thỏa Thuận, Thu Nhập Upto 40 Triệu, Open Fresher', 'Tin tuyển dụng được seed từ snapshot TopCV cho vị trí ''Business Development Executive (B2B/Sapo Enterprise) - Lương Cứng Thỏa Thuận, Thu Nhập Upto 40 Triệu, Open Fresher''. Job này được gắn với recruiter ''Tập Đoàn Novaon'' để phục vụ dữ liệu demo cho luồng recruiter/job của SmartCV.', 'Tập Đoàn Novaon', 'Hà Nội', 15000000, 40000000, 'FULL_TIME', 'JUNIOR', '["Business Development", "B2B", "Pipeline", "Prospecting"]', '["Sẵn sàng học nhanh về giải pháp số cho doanh nghiệp", "Có kỹ năng giao tiếp và phát triển khách hàng mới", "Open Fresher nhưng có định hướng kinh doanh công nghệ rõ ràng"]', '["Thu nhập tới 40 triệu", "Lương cứng thỏa thuận", "Open Fresher"]', 'PUBLISHED', 'ACTIVE', NULL, 'admin-seed', '2026-06-20 10:00:00', '2026-08-31', 2, 70, 40, FALSE, NULL, FALSE, '2026-06-20 10:15:00', '2026-06-20 10:15:00', 'https://www.topcv.vn/brand/sapovn?id=11698');
